Resumen,Clave de incidencia,ID de la incidencia,Tipo de Incidencia,Estado,Clave del proyecto,Nombre del proyecto,Tipo de proyecto,Responsable del proyecto,ID del responsable del proyecto,Descripción del proyecto,Prioridad,Resolución,Persona asignada,ID de la persona asignada,Informador,ID del informador,Creador,ID del creador,Creada,Actualizada,Vista por Última Vez,Resuelta,Fecha de vencimiento,Votos,Descripción,Entorno,Interesados,ID de los interesados,Estimación original,Trabajo restante estimado,Tiempo Trabajado,Relación de trabajo,Σ Estimación original,Σ Trabajo restante estimado,Σ Tiempo empleado,Nivel de Seguridad,Campo personalizado (Clasificación),Campo personalizado (Color de la incidencia),Campo personalizado (Fecha de inicio),Sprint,Campo personalizado (Story point estimate),Campo personalizado (Team),Campo personalizado (Vulnerabilidad),Campo personalizado (development),Categoría de estado,Categoría de estado cambiada
"Como analista, quiero definir las etapas de producción de cerveza para delimitar el proceso que se va a simular.",CORONA-1,10003,Historia,Por hacer,CORONA,Simulación de producción y distribución - Corona,software,danielsilias,712020:9ccd875b-289c-4459-857c-50a95fcf30cc,"Representación del proceso de producción, inventario, distribución y ventas para analizar su funcionamiento.",High,,danielsilias,557058:ee0bc096-420e-4816-9209-8b61e78fd21b,danielsilias,712020:9ccd875b-289c-4459-857c-50a95fcf30cc,danielsilias,,01/10/2026 19:26,01/10/2026 19:51,,,,0,"Identificar entradas, operaciones y salidas del proceso productivo. Criterio de aceptación: el documento presenta la secuencia de producción y el alcance del modelo.",,danielsilias,,,,,,,,,,0|i0000n:,,,CORONA Sprint 1,3,,,{},Por hacer,01/10/2026 19:26
"Como modelador, quiero representar la elaboración de cerveza para relacionar las operaciones del proceso productivo.",CORONA-2,10004,Historia,Por hacer,CORONA,Simulación de producción y distribución - Corona,software,danielsilias,712020:9ccd875b-289c-4459-857c-50a95fcf30cc,"Representación del proceso de producción, inventario, distribución y ventas para analizar su funcionamiento.",High,,danielsilias,712020:0f0b5a3e-e228-44a3-98d4-ae5cb9a0ed24,danielsilias,712020:9ccd875b-289c-4459-857c-50a95fcf30cc,danielsilias,,01/10/2026 19:32,01/10/2026 19:51,,,,0,Construir el modelo con las etapas de elaboración y sus conexiones. Criterio de aceptación: el flujo mantiene una secuencia coherente desde las materias primas hasta el producto terminado.,,danielsilias,,,,,,,,,,0|i0000v:,,,CORONA Sprint 1,5,,,{},Por hacer,01/10/2026 19:36
"Como analista, quiero ejecutar la simulación de producción para examinar el comportamiento del modelo.",CORONA-3,10005,Historia,Por hacer,CORONA,Simulación de producción y distribución - Corona,software,danielsilias,712020:9ccd875b-289c-4459-857c-50a95fcf30cc,"Representación del proceso de producción, inventario, distribución y ventas para analizar su funcionamiento.",High,,danielsilias,712020:9ccd875b-289c-4459-857c-50a95fcf30cc,danielsilias,712020:9ccd875b-289c-4459-857c-50a95fcf30cc,danielsilias,,01/10/2026 19:33,01/10/2026 19:51,,,,0,Configurar los parámetros y ejecutar el proceso productivo. Criterio de aceptación: la ejecución genera resultados y permite revisar el avance de cada etapa.,,danielsilias,,,,,,,,,,0|i00013:,,,CORONA Sprint 1,8,,,{},Por hacer,01/10/2026 19:33
"Como responsable de inventario, quiero simular las entradas y salidas del almacén para revisar la disponibilidad de productos.",CORONA-4,10006,Historia,Por hacer,CORONA,Simulación de producción y distribución - Corona,software,danielsilias,712020:9ccd875b-289c-4459-857c-50a95fcf30cc,"Representación del proceso de producción, inventario, distribución y ventas para analizar su funcionamiento.",Medium,,danielsilias,712020:9ccd875b-289c-4459-857c-50a95fcf30cc,danielsilias,712020:9ccd875b-289c-4459-857c-50a95fcf30cc,danielsilias,,01/10/2026 19:33,01/10/2026 19:51,,,,0,Representar el almacenamiento y los movimientos de inventario. Criterio de aceptación: el modelo actualiza las existencias conforme recibe y entrega productos.,,danielsilias,,,,,,,,,,0|i0001b:,,,CORONA Sprint 1,5,,,{},Por hacer,01/10/2026 19:33
"Como responsable de logística, quiero modelar la distribución para estudiar el traslado del producto terminado.",CORONA-5,10007,Historia,Por hacer,CORONA,Simulación de producción y distribución - Corona,software,danielsilias,712020:9ccd875b-289c-4459-857c-50a95fcf30cc,"Representación del proceso de producción, inventario, distribución y ventas para analizar su funcionamiento.",Medium,,danielsilias,712020:9ccd875b-289c-4459-857c-50a95fcf30cc,danielsilias,712020:9ccd875b-289c-4459-857c-50a95fcf30cc,danielsilias,,01/10/2026 19:34,01/10/2026 19:51,,,,0,"Representar el despacho y el traslado hacia los destinos previstos. Criterio de aceptación: cada envío conserva su origen, destino y estado dentro del modelo.",,danielsilias,,,,,,,,,,0|i0001j:,,,CORONA Sprint 1,3,,,{},Por hacer,01/10/2026 19:34
"Como analista comercial, quiero representar las ventas para vincular la demanda con la disponibilidad del producto.",CORONA-6,10008,Historia,Por hacer,CORONA,Simulación de producción y distribución - Corona,software,danielsilias,712020:9ccd875b-289c-4459-857c-50a95fcf30cc,"Representación del proceso de producción, inventario, distribución y ventas para analizar su funcionamiento.",Medium,,danielsilias,712020:9ccd875b-289c-4459-857c-50a95fcf30cc,danielsilias,712020:9ccd875b-289c-4459-857c-50a95fcf30cc,danielsilias,,01/10/2026 19:34,01/10/2026 19:51,,,,0,Incorporar las solicitudes de venta y su relación con el inventario. Criterio de aceptación: el modelo distingue las solicitudes atendidas de las pendientes.,,danielsilias,,,,,,,,,,0|i0001r:,,,CORONA Sprint 1,3,,,{},Por hacer,01/10/2026 19:34
"Como desarrollador, quiero integrar producción, inventario y ventas para evaluar el funcionamiento completo del proceso.",CORONA-7,10009,Historia,Por hacer,CORONA,Simulación de producción y distribución - Corona,software,danielsilias,712020:9ccd875b-289c-4459-857c-50a95fcf30cc,"Representación del proceso de producción, inventario, distribución y ventas para analizar su funcionamiento.",High,,danielsilias,712020:9ccd875b-289c-4459-857c-50a95fcf30cc,danielsilias,712020:9ccd875b-289c-4459-857c-50a95fcf30cc,danielsilias,,01/10/2026 19:34,01/10/2026 19:51,,,,0,"Conectar las etapas productivas con el almacenamiento, la distribución y las ventas. Criterio de aceptación: el flujo de productos mantiene la continuidad entre los módulos.",,danielsilias,,,,,,,,,,0|i0001z:,,,CORONA Sprint 1,8,,,{},Por hacer,01/10/2026 19:34
"Como evaluador, quiero realizar pruebas del modelo para detectar fallas antes de analizar los resultados.",CORONA-8,10010,Historia,Por hacer,CORONA,Simulación de producción y distribución - Corona,software,danielsilias,712020:9ccd875b-289c-4459-857c-50a95fcf30cc,"Representación del proceso de producción, inventario, distribución y ventas para analizar su funcionamiento.",High,,danielsilias,712020:9ccd875b-289c-4459-857c-50a95fcf30cc,danielsilias,712020:9ccd875b-289c-4459-857c-50a95fcf30cc,danielsilias,,01/10/2026 19:34,01/10/2026 19:51,,,,0,"Ejecutar casos de prueba y registrar los problemas encontrados. Criterio de aceptación: cada caso incluye el resultado esperado, el resultado observado y los ajustes necesarios.",,danielsilias,,,,,,,,,,0|i00027:,,,CORONA Sprint 1,5,,,{},Por hacer,01/10/2026 19:34
"Como analista, quiero revisar los resultados de la simulación para identificar restricciones en el proceso operativo.",CORONA-9,10011,Historia,Por hacer,CORONA,Simulación de producción y distribución - Corona,software,danielsilias,712020:9ccd875b-289c-4459-857c-50a95fcf30cc,"Representación del proceso de producción, inventario, distribución y ventas para analizar su funcionamiento.",Medium,,danielsilias,712020:9ccd875b-289c-4459-857c-50a95fcf30cc,danielsilias,712020:9ccd875b-289c-4459-857c-50a95fcf30cc,danielsilias,,01/10/2026 19:35,01/10/2026 19:51,,,,0,Examinar el desempeño de las etapas y la disponibilidad de productos. Criterio de aceptación: las observaciones se sustentan en los resultados de las pruebas.,,danielsilias,,,,,,,,,,0|i0002f:,,,CORONA Sprint 1,3,,,{},Por hacer,01/10/2026 19:35
"Como responsable del proyecto, quiero elaborar el reporte de simulación para presentar el método y los hallazgos del trabajo.",CORONA-10,10012,Historia,Por hacer,CORONA,Simulación de producción y distribución - Corona,software,danielsilias,712020:9ccd875b-289c-4459-857c-50a95fcf30cc,"Representación del proceso de producción, inventario, distribución y ventas para analizar su funcionamiento.",Medium,,danielsilias,712020:9ccd875b-289c-4459-857c-50a95fcf30cc,danielsilias,712020:9ccd875b-289c-4459-857c-50a95fcf30cc,danielsilias,,01/10/2026 19:35,01/10/2026 19:51,,,,0,"Organizar el alcance, los parámetros y las evidencias del modelo. Criterio de aceptación: el reporte incluye resultados, conclusiones y limitaciones de la simulación.",,danielsilias,,,,,,,,,,0|i0002n:,,,CORONA Sprint 1,3,,,{},Por hacer,01/10/2026 19:35
